,compani,million,financi,oper,product
2010,0.0,0.0,0.0,0.0,0.0
2011,0.0,0.0,0.0,0.0,0.0
2012,0.0,0.0,0.0,0.0,0.0
2013,0.3095132382750125,0.21684259735208825,0.0,0.1895992819393077,0.14707841989490275
2014,0.3294519882929248,0.2230681157474521,0.1991483033823115,0.19068247142167274,0.16852868087441888
2015,0.3309569488645422,0.21950031586663266,0.19883188139317082,0.20219745242098955,0.17017128085990252
2016,0.33511345543442644,0.21572715625524422,0.20770339750639455,0.2049714802440986,0.14867037427767382
2017,0.39199792728159183,0.21750256312712285,0.20788068296667925,0.19885989601660267,0.11625854020383629
2018,0.40383594065807,0.21162456147997072,0.21240845030873043,0.19016568900005262,0.11636776373351188
